order_id,customer_id,order_date,payment_method,order_status,order_month,order_dayofweek
1,123,2026-07-02,card,completed,2026-07,Thursday
2,77,2025-09-17,naver_pay,cancelled,2025-09,Wednesday
3,138,2026-01-14,bank_transfer,cancelled,2026-01,Wednesday
4,57,2026-03-27,kakao_pay,cancelled,2026-03,Friday
5,125,2026-02-15,card,cancelled,2026-02,Sunday
6,87,2026-05-16,naver_pay,completed,2026-05,Saturday
7,120,2026-01-23,bank_transfer,refunded,2026-01,Friday
8,137,2025-09-28,card,cancelled,2025-09,Sunday
9,145,2026-03-17,card,completed,2026-03,Tuesday
10,110,2026-05-11,bank_transfer,cancelled,2026-05,Monday
11,47,2026-01-12,card,completed,2026-01,Monday
12,98,2025-09-06,kakao_pay,completed,2025-09,Saturday
13,117,2026-07-28,kakao_pay,completed,2026-07,Tuesday
14,98,2026-02-12,kakao_pay,cancelled,2026-02,Thursday
15,65,2026-07-18,card,cancelled,2026-07,Saturday
16,5,2026-03-11,card,completed,2026-03,Wednesday
17,58,2025-10-12,card,completed,2025-10,Sunday
18,8,2026-02-17,bank_transfer,completed,2026-02,Tuesday
19,6,2026-01-20,bank_transfer,completed,2026-01,Tuesday
20,33,2026-05-06,naver_pay,completed,2026-05,Wednesday
21,145,2026-08-14,bank_transfer,cancelled,2026-08,Friday
22,66,2026-07-20,kakao_pay,completed,2026-07,Monday
23,30,2026-02-27,bank_transfer,completed,2026-02,Friday
24,28,2026-06-03,card,completed,2026-06,Wednesday
25,148,2025-10-31,naver_pay,cancelled,2025-10,Friday
26,51,2026-02-18,card,refunded,2026-02,Wednesday
27,63,2025-11-09,card,completed,2025-11,Sunday
28,31,2026-06-13,card,completed,2026-06,Saturday
29,137,2026-03-23,naver_pay,completed,2026-03,Monday
30,18,2026-05-12,kakao_pay,completed,2026-05,Tuesday
31,108,2025-12-15,naver_pay,completed,2025-12,Monday
32,111,2026-04-29,kakao_pay,cancelled,2026-04,Wednesday
33,40,2026-07-12,naver_pay,completed,2026-07,Sunday
34,134,2026-08-25,kakao_pay,refunded,2026-08,Tuesday
35,138,2026-03-30,naver_pay,cancelled,2026-03,Monday
36,112,2026-06-29,kakao_pay,completed,2026-06,Monday
37,63,2026-03-08,card,completed,2026-03,Sunday
38,116,2026-03-01,bank_transfer,cancelled,2026-03,Sunday
39,146,2026-02-18,naver_pay,completed,2026-02,Wednesday
40,8,2026-07-19,naver_pay,completed,2026-07,Sunday
41,47,2026-06-12,naver_pay,completed,2026-06,Friday
42,91,2026-04-20,kakao_pay,completed,2026-04,Monday
43,72,2025-12-15,kakao_pay,refunded,2025-12,Monday
44,3,2026-01-05,bank_transfer,completed,2026-01,Monday
45,62,2026-07-29,naver_pay,cancelled,2026-07,Wednesday
46,143,2025-12-06,bank_transfer,cancelled,2025-12,Saturday
47,126,2026-07-21,naver_pay,completed,2026-07,Tuesday
48,24,2026-08-30,kakao_pay,completed,2026-08,Sunday
49,104,2025-10-05,bank_transfer,completed,2025-10,Sunday
50,149,2025-12-19,kakao_pay,cancelled,2025-12,Friday
51,142,2026-08-10,kakao_pay,cancelled,2026-08,Monday
52,141,2026-02-24,kakao_pay,completed,2026-02,Tuesday
53,117,2025-12-05,kakao_pay,completed,2025-12,Friday
54,65,2026-06-20,bank_transfer,completed,2026-06,Saturday
55,50,2026-03-01,kakao_pay,completed,2026-03,Sunday
56,138,2026-04-11,bank_transfer,completed,2026-04,Saturday
57,56,2026-04-27,naver_pay,completed,2026-04,Monday
58,135,2026-05-19,kakao_pay,completed,2026-05,Tuesday
59,50,2026-01-27,kakao_pay,completed,2026-01,Tuesday
60,93,2026-01-10,bank_transfer,completed,2026-01,Saturday
61,4,2025-09-13,bank_transfer,completed,2025-09,Saturday
62,12,2026-03-12,card,refunded,2026-03,Thursday
63,75,2026-07-29,bank_transfer,cancelled,2026-07,Wednesday
64,27,2026-01-06,card,refunded,2026-01,Tuesday
65,73,2025-11-11,naver_pay,cancelled,2025-11,Tuesday
66,113,2026-03-10,kakao_pay,completed,2026-03,Tuesday
67,14,2025-11-23,kakao_pay,cancelled,2025-11,Sunday
68,30,2026-01-17,card,cancelled,2026-01,Saturday
69,126,2026-07-08,card,refunded,2026-07,Wednesday
70,14,2025-12-11,bank_transfer,completed,2025-12,Thursday
71,145,2026-01-12,kakao_pay,completed,2026-01,Monday
72,64,2025-12-19,card,refunded,2025-12,Friday
73,107,2026-08-09,bank_transfer,refunded,2026-08,Sunday
74,98,2026-04-21,naver_pay,cancelled,2026-04,Tuesday
75,77,2026-06-01,naver_pay,completed,2026-06,Monday
76,146,2026-08-09,card,refunded,2026-08,Sunday
77,26,2025-12-18,bank_transfer,completed,2025-12,Thursday
78,68,2026-04-05,card,completed,2026-04,Sunday
79,62,2025-09-05,bank_transfer,refunded,2025-09,Friday
80,20,2026-03-21,bank_transfer,completed,2026-03,Saturday
81,105,2025-11-15,naver_pay,refunded,2025-11,Saturday
82,121,2025-10-05,kakao_pay,completed,2025-10,Sunday
83,60,2025-12-04,kakao_pay,completed,2025-12,Thursday
84,117,2026-06-08,card,completed,2026-06,Monday
85,68,2026-02-06,bank_transfer,cancelled,2026-02,Friday
86,30,2026-03-10,bank_transfer,completed,2026-03,Tuesday
87,69,2026-04-05,bank_transfer,completed,2026-04,Sunday
88,16,2026-06-23,bank_transfer,completed,2026-06,Tuesday
89,146,2025-12-04,kakao_pay,cancelled,2025-12,Thursday
90,32,2026-05-28,naver_pay,completed,2026-05,Thursday
91,104,2026-03-05,kakao_pay,refunded,2026-03,Thursday
92,139,2026-05-10,naver_pay,cancelled,2026-05,Sunday
93,21,2026-06-05,card,cancelled,2026-06,Friday
94,83,2026-03-11,kakao_pay,completed,2026-03,Wednesday
95,24,2026-02-23,bank_transfer,refunded,2026-02,Monday
96,6,2026-07-06,kakao_pay,refunded,2026-07,Monday
97,11,2025-09-08,bank_transfer,cancelled,2025-09,Monday
98,133,2025-10-08,naver_pay,completed,2025-10,Wednesday
99,47,2025-12-25,naver_pay,cancelled,2025-12,Thursday
100,24,2025-11-27,naver_pay,completed,2025-11,Thursday
101,105,2026-02-06,kakao_pay,completed,2026-02,Friday
102,27,2026-05-28,bank_transfer,completed,2026-05,Thursday
103,106,2025-12-05,naver_pay,completed,2025-12,Friday
104,103,2025-12-29,card,cancelled,2025-12,Monday
105,23,2026-05-17,kakao_pay,completed,2026-05,Sunday
106,83,2026-04-15,card,cancelled,2026-04,Wednesday
107,132,2026-01-23,card,refunded,2026-01,Friday
108,119,2026-03-04,naver_pay,completed,2026-03,Wednesday
109,49,2026-04-04,kakao_pay,refunded,2026-04,Saturday
110,128,2026-03-27,naver_pay,completed,2026-03,Friday
111,53,2026-01-13,kakao_pay,refunded,2026-01,Tuesday
112,34,2026-02-14,kakao_pay,cancelled,2026-02,Saturday
113,125,2026-06-18,card,completed,2026-06,Thursday
114,62,2026-04-03,bank_transfer,completed,2026-04,Friday
115,142,2026-01-08,card,refunded,2026-01,Thursday
116,105,2026-01-16,card,completed,2026-01,Friday
117,30,2026-06-01,naver_pay,completed,2026-06,Monday
118,40,2026-02-25,naver_pay,completed,2026-02,Wednesday
119,131,2025-12-16,kakao_pay,cancelled,2025-12,Tuesday
120,124,2025-12-30,naver_pay,completed,2025-12,Tuesday
121,117,2025-12-08,bank_transfer,cancelled,2025-12,Monday
122,49,2025-11-30,bank_transfer,completed,2025-11,Sunday
123,71,2025-10-18,naver_pay,completed,2025-10,Saturday
124,130,2026-06-09,kakao_pay,completed,2026-06,Tuesday
125,73,2025-11-15,kakao_pay,refunded,2025-11,Saturday
126,149,2026-01-02,naver_pay,completed,2026-01,Friday
127,115,2025-10-18,naver_pay,completed,2025-10,Saturday
128,86,2026-06-17,naver_pay,cancelled,2026-06,Wednesday
129,83,2026-03-29,bank_transfer,completed,2026-03,Sunday
130,147,2026-06-25,naver_pay,completed,2026-06,Thursday
131,106,2026-05-28,card,completed,2026-05,Thursday
132,122,2025-11-12,naver_pay,cancelled,2025-11,Wednesday
133,39,2025-11-15,naver_pay,completed,2025-11,Saturday
134,33,2025-11-25,kakao_pay,completed,2025-11,Tuesday
135,113,2026-06-15,card,refunded,2026-06,Monday
136,117,2026-03-09,card,completed,2026-03,Monday
137,105,2025-12-18,bank_transfer,completed,2025-12,Thursday
138,121,2026-06-10,kakao_pay,completed,2026-06,Wednesday
139,102,2026-04-18,card,completed,2026-04,Saturday
140,137,2026-06-24,naver_pay,completed,2026-06,Wednesday
141,125,2026-03-24,card,refunded,2026-03,Tuesday
142,18,2026-04-21,bank_transfer,completed,2026-04,Tuesday
143,59,2025-12-20,card,cancelled,2025-12,Saturday
144,26,2025-10-11,card,cancelled,2025-10,Saturday
145,43,2026-07-22,kakao_pay,completed,2026-07,Wednesday
146,12,2025-11-16,kakao_pay,completed,2025-11,Sunday
147,76,2025-12-26,kakao_pay,completed,2025-12,Friday
148,111,2025-11-29,bank_transfer,completed,2025-11,Saturday
149,136,2026-01-20,naver_pay,refunded,2026-01,Tuesday
150,47,2025-11-10,bank_transfer,completed,2025-11,Monday
151,21,2025-12-28,naver_pay,refunded,2025-12,Sunday
152,62,2025-09-07,naver_pay,refunded,2025-09,Sunday
153,37,2026-06-03,bank_transfer,cancelled,2026-06,Wednesday
154,66,2026-03-28,naver_pay,completed,2026-03,Saturday
155,3,2025-10-21,naver_pay,completed,2025-10,Tuesday
156,140,2025-12-17,bank_transfer,completed,2025-12,Wednesday
157,114,2025-09-19,kakao_pay,refunded,2025-09,Friday
158,77,2025-09-23,naver_pay,completed,2025-09,Tuesday
159,117,2026-04-04,kakao_pay,completed,2026-04,Saturday
160,99,2025-12-24,naver_pay,completed,2025-12,Wednesday
161,61,2026-05-30,naver_pay,refunded,2026-05,Saturday
162,92,2025-10-21,kakao_pay,completed,2025-10,Tuesday
163,6,2026-05-07,naver_pay,completed,2026-05,Thursday
164,3,2026-08-05,card,refunded,2026-08,Wednesday
165,128,2026-06-21,kakao_pay,completed,2026-06,Sunday
166,91,2026-03-11,bank_transfer,completed,2026-03,Wednesday
167,65,2025-10-11,bank_transfer,completed,2025-10,Saturday
168,11,2026-08-06,kakao_pay,cancelled,2026-08,Thursday
169,9,2025-09-06,kakao_pay,completed,2025-09,Saturday
170,24,2026-04-12,kakao_pay,completed,2026-04,Sunday
171,107,2025-12-21,bank_transfer,completed,2025-12,Sunday
172,34,2026-03-03,kakao_pay,refunded,2026-03,Tuesday
173,129,2026-03-06,kakao_pay,completed,2026-03,Friday
174,66,2026-02-20,naver_pay,completed,2026-02,Friday
175,87,2026-01-12,card,cancelled,2026-01,Monday
176,20,2025-11-12,bank_transfer,completed,2025-11,Wednesday
177,102,2025-09-21,kakao_pay,completed,2025-09,Sunday
178,102,2025-12-09,card,completed,2025-12,Tuesday
179,138,2026-09-02,card,cancelled,2026-09,Wednesday
180,95,2026-08-02,kakao_pay,refunded,2026-08,Sunday
181,98,2026-03-06,kakao_pay,completed,2026-03,Friday
182,60,2025-10-16,naver_pay,completed,2025-10,Thursday
183,144,2026-07-18,kakao_pay,refunded,2026-07,Saturday
184,57,2025-09-27,card,cancelled,2025-09,Saturday
185,78,2026-02-04,naver_pay,completed,2026-02,Wednesday
186,36,2026-03-11,card,completed,2026-03,Wednesday
187,78,2025-09-30,naver_pay,completed,2025-09,Tuesday
188,25,2026-04-14,bank_transfer,refunded,2026-04,Tuesday
189,35,2026-05-04,naver_pay,cancelled,2026-05,Monday
190,95,2026-05-26,naver_pay,refunded,2026-05,Tuesday
191,40,2025-09-22,naver_pay,completed,2025-09,Monday
192,126,2025-10-30,naver_pay,completed,2025-10,Thursday
193,9,2025-10-29,kakao_pay,completed,2025-10,Wednesday
194,114,2026-07-14,naver_pay,completed,2026-07,Tuesday
195,93,2026-04-08,card,completed,2026-04,Wednesday
196,140,2025-12-28,kakao_pay,completed,2025-12,Sunday
197,102,2025-10-05,kakao_pay,completed,2025-10,Sunday
198,32,2025-12-07,naver_pay,completed,2025-12,Sunday
199,55,2025-10-18,card,completed,2025-10,Saturday
200,86,2026-04-06,bank_transfer,completed,2026-04,Monday
201,145,2026-06-25,bank_transfer,completed,2026-06,Thursday
202,142,2026-02-10,bank_transfer,refunded,2026-02,Tuesday
203,56,2026-04-25,bank_transfer,completed,2026-04,Saturday
204,38,2026-04-21,card,completed,2026-04,Tuesday
205,38,2026-07-06,bank_transfer,refunded,2026-07,Monday
206,65,2026-04-30,bank_transfer,completed,2026-04,Thursday
207,7,2025-11-28,bank_transfer,completed,2025-11,Friday
208,92,2026-06-30,bank_transfer,refunded,2026-06,Tuesday
209,83,2026-03-23,card,completed,2026-03,Monday
210,68,2026-01-27,card,completed,2026-01,Tuesday
211,108,2026-02-23,card,completed,2026-02,Monday
212,122,2026-08-20,naver_pay,completed,2026-08,Thursday
213,132,2026-02-20,card,cancelled,2026-02,Friday
214,129,2025-12-26,bank_transfer,refunded,2025-12,Friday
215,12,2026-08-02,kakao_pay,cancelled,2026-08,Sunday
216,8,2026-04-18,card,cancelled,2026-04,Saturday
217,103,2026-02-15,naver_pay,completed,2026-02,Sunday
218,126,2025-12-29,naver_pay,completed,2025-12,Monday
219,21,2026-04-10,kakao_pay,refunded,2026-04,Friday
220,38,2026-05-01,card,completed,2026-05,Friday
221,71,2025-09-25,kakao_pay,cancelled,2025-09,Thursday
222,136,2026-04-26,kakao_pay,cancelled,2026-04,Sunday
223,130,2026-06-16,naver_pay,completed,2026-06,Tuesday
224,30,2025-10-10,bank_transfer,cancelled,2025-10,Friday
225,116,2026-06-25,bank_transfer,cancelled,2026-06,Thursday
226,87,2025-11-21,naver_pay,cancelled,2025-11,Friday
227,107,2026-05-02,card,completed,2026-05,Saturday
228,110,2025-11-22,kakao_pay,completed,2025-11,Saturday
229,96,2025-12-13,bank_transfer,cancelled,2025-12,Saturday
230,18,2026-05-16,card,completed,2026-05,Saturday
231,24,2025-10-03,naver_pay,completed,2025-10,Friday
232,96,2025-11-01,bank_transfer,refunded,2025-11,Saturday
233,16,2025-12-04,kakao_pay,completed,2025-12,Thursday
234,106,2025-11-08,kakao_pay,cancelled,2025-11,Saturday
235,14,2026-04-04,kakao_pay,refunded,2026-04,Saturday
236,80,2025-10-01,kakao_pay,completed,2025-10,Wednesday
237,148,2025-11-01,bank_transfer,completed,2025-11,Saturday
238,124,2025-09-03,bank_transfer,completed,2025-09,Wednesday
239,90,2026-02-07,kakao_pay,completed,2026-02,Saturday
240,72,2026-02-23,bank_transfer,cancelled,2026-02,Monday
241,144,2026-05-27,card,refunded,2026-05,Wednesday
242,69,2026-04-20,card,completed,2026-04,Monday
243,70,2026-03-03,kakao_pay,completed,2026-03,Tuesday
244,90,2025-12-24,card,completed,2025-12,Wednesday
245,37,2025-09-14,naver_pay,completed,2025-09,Sunday
246,37,2025-11-30,card,completed,2025-11,Sunday
247,136,2025-12-22,bank_transfer,cancelled,2025-12,Monday
248,108,2026-06-03,naver_pay,completed,2026-06,Wednesday
249,41,2025-12-20,kakao_pay,completed,2025-12,Saturday
250,84,2026-06-02,card,completed,2026-06,Tuesday
251,40,2026-08-01,bank_transfer,refunded,2026-08,Saturday
252,13,2026-02-25,card,completed,2026-02,Wednesday
253,114,2025-09-29,naver_pay,cancelled,2025-09,Monday
254,114,2026-05-26,naver_pay,completed,2026-05,Tuesday
255,56,2025-12-01,card,completed,2025-12,Monday
256,111,2026-08-26,card,completed,2026-08,Wednesday
257,125,2025-12-13,kakao_pay,completed,2025-12,Saturday
258,57,2026-07-04,naver_pay,refunded,2026-07,Saturday
259,15,2026-07-06,card,completed,2026-07,Monday
260,78,2026-05-02,bank_transfer,completed,2026-05,Saturday
261,66,2026-04-19,kakao_pay,completed,2026-04,Sunday
262,31,2026-05-16,card,cancelled,2026-05,Saturday
263,111,2026-07-11,bank_transfer,completed,2026-07,Saturday
264,98,2026-08-30,bank_transfer,refunded,2026-08,Sunday
265,144,2025-11-17,kakao_pay,completed,2025-11,Monday
266,102,2026-02-14,card,cancelled,2026-02,Saturday
267,5,2025-10-16,naver_pay,completed,2025-10,Thursday
268,81,2026-04-01,naver_pay,refunded,2026-04,Wednesday
269,104,2025-11-28,naver_pay,completed,2025-11,Friday
270,30,2026-05-11,naver_pay,completed,2026-05,Monday
271,84,2025-10-29,bank_transfer,refunded,2025-10,Wednesday
272,118,2026-08-20,kakao_pay,completed,2026-08,Thursday
273,112,2025-12-14,card,completed,2025-12,Sunday
274,112,2026-07-20,naver_pay,refunded,2026-07,Monday
275,21,2025-10-27,naver_pay,completed,2025-10,Monday
276,87,2025-09-29,bank_transfer,completed,2025-09,Monday
277,44,2025-09-25,card,refunded,2025-09,Thursday
278,30,2025-11-05,bank_transfer,completed,2025-11,Wednesday
279,90,2026-07-06,bank_transfer,completed,2026-07,Monday
280,27,2025-12-30,bank_transfer,completed,2025-12,Tuesday
281,51,2026-04-21,bank_transfer,refunded,2026-04,Tuesday
282,40,2026-06-19,card,completed,2026-06,Friday
283,127,2026-07-19,naver_pay,refunded,2026-07,Sunday
284,149,2026-04-11,naver_pay,refunded,2026-04,Saturday
285,83,2026-08-25,kakao_pay,completed,2026-08,Tuesday
286,113,2025-12-23,card,cancelled,2025-12,Tuesday
287,114,2026-02-19,kakao_pay,completed,2026-02,Thursday
288,15,2025-10-20,kakao_pay,refunded,2025-10,Monday
289,19,2026-03-03,kakao_pay,cancelled,2026-03,Tuesday
290,116,2026-05-27,card,completed,2026-05,Wednesday
291,95,2025-12-29,kakao_pay,completed,2025-12,Monday
292,24,2026-05-31,naver_pay,cancelled,2026-05,Sunday
293,149,2026-02-05,card,cancelled,2026-02,Thursday
294,147,2025-12-16,bank_transfer,completed,2025-12,Tuesday
295,122,2026-03-15,bank_transfer,completed,2026-03,Sunday
296,116,2026-03-30,card,completed,2026-03,Monday
297,22,2026-03-12,bank_transfer,completed,2026-03,Thursday
298,64,2026-02-19,naver_pay,cancelled,2026-02,Thursday
299,135,2025-10-03,bank_transfer,completed,2025-10,Friday
300,96,2026-04-22,kakao_pay,cancelled,2026-04,Wednesday
