검토 항목,확인할 내용,상태,Evidence
필요성,기존 패키지로 해결할 수 없는가?,REVIEW,설치 대상 지정 후 확인 필요
이름과 출처,공식 패키지 이름과 배포 출처가 맞는가?,REVIEW,설치 대상 지정 후 확인 필요
유사 이름,유명 패키지와 이름이 비슷한 다른 패키지는 아닌가?,REVIEW,설치 대상 지정 후 확인 필요
버전 고정,설치할 정확한 버전을 지정했는가?,REVIEW,설치 대상 지정 후 확인 필요
Python 호환성,현재 Python 버전을 지원하는가?,REVIEW,설치 대상 지정 후 확인 필요
추가 의존성,함께 설치되는 패키지를 검토했는가?,REVIEW,설치 대상 지정 후 확인 필요
설치 동작,설치 과정에서 실행되는 코드를 검토했는가?,REVIEW,설치 대상 지정 후 확인 필요
설치 환경,격리된 환경에 설치하는가?,REVIEW,설치 대상 지정 후 확인 필요
재현 기록,requirements 또는 lock 파일에 기록하는가?,REVIEW,설치 대상 지정 후 확인 필요
정책,수업 또는 조직의 설치 정책에 맞는가?,REVIEW,설치 대상 지정 후 확인 필요
